{"flutter":{"platforms":{"android":{"default":{"projectId":"intelvt","appId":"1:116599084408:android:abf39878fc73400563248d","fileOutput":"android/app/google-services.json"}},"dart":{"lib/firebase_options.dart":{"projectId":"intelvt","configurations":{"android":"1:116599084408:android:abf39878fc73400563248d","ios":"1:116599084408:ios:1aa1961ec976f20f63248d","macos":"1:116599084408:ios:1aa1961ec976f20f63248d","web":"1:116599084408:web:d014c4386eb0c8bc63248d","windows":"1:116599084408:web:7cbf86103bc75ce563248d"}}}}}}