{
  "project_info": {
    "project_number": "116599084408",
    "project_id": "intelvt",
    "storage_bucket": "intelvt.firebasestorage.app"
  },
  "client": [
    {
      "client_info": {
        "mobilesdk_app_id": "1:116599084408:android:abf39878fc73400563248d",
        "android_client_info": {
          "package_name": "com.example.intelvt_mobile_first"
        }
      },
      "oauth_client": [],
      "api_key": [
        {
          "current_key": "AIzaSyD1G5LtPNqetoB7yCyRh0i99C53cNxfM1k"
        }
      ],
      "services": {
        "appinvite_service": {
          "other_platform_oauth_client": []
        }
      }
    }
  ],
  "configuration_version": "1"
}